APO US,ATD CN,ATZ CN,BEP-U CN,BLK US,CBOE US,CIGI CN,DE US,EQB CN,HON US,IYZ US,JPM US,MSFT US,NTR CN,SBUX US,TOI CN,TTWO US,UHS US,V US,VGT US,XFN CN,XLV US,XLY US,XMA CN,XUT CN,ZIN CN
2.5303432960033234e-09,1.737588948766411e-05,0.0,0.0,6.768506675275399e-09,1.794875038527155e-08,0.0,0.0,0.0,0.0,5.734402958896167,1.1157030160857673e-08,2.0455455038148607e-09,0.0,0.0,0.0,4.566087785651263e-09,5.7494338543545576e-08,2.0537873051534872e-08,7.49999997808391,7.5,7.49999998469918,3.8467523046348138,7.499999970699347,7.5,7.5
0.0,1.9704496438763958e-05,0.0,0.0,1.0308208280018771e-09,0.0,1.2115290107944654e-08,5.548321871384765e-09,0.0,1.380492369723596e-08,5.7344022474069725,9.056812591556884e-09,8.058517655257225e-09,1.055714560910248e-08,0.0,3.28723524095631e-09,1.7915289737824303e-08,0.0,2.5618811586025636e-08,7.499999997643325,7.5,7.499999986566698,3.846755454398601,7.5,7.499999986996565,7.499999994430091
1.52211646065048e-08,1.2348448859538647e-05,2.801499882770786e-08,5.68441931979996e-09,0.0,0.0,4.182212041958788e-09,2.4856451272259328e-08,1.6806713833139586e-08,8.16218995603607e-08,5.73439417482736,0.0,0.0,2.681012451974385e-08,2.320145898321302e-09,0.0,1.786778164661329e-08,0.0,7.835822355556354e-08,7.499999998700566,7.4999999602896565,7.499999958596236,3.846741452167978,7.499999963163474,7.4999999636427725,7.499999983369604
3.502944129207819e-07,3.2518171815969454e-05,1.7352805997683518e-08,0.0,0.0,2.0097123045598186e-07,2.890161200641561e-08,0.0,5.705511323811363e-08,0.0,5.734416228271572,7.252655628842142e-08,6.55689973670659e-08,6.085763906704678e-08,0.0,0.0,0.0,2.3100938176257024e-08,0.0,7.499999931341509,7.499999824957591,7.499999842979069,3.8467989846778767,7.5,7.499999977391381,7.5
0.0,1.1389040041696191e-05,7.826731276971977e-09,4.178457926884427e-10,0.0,0.0,5.236884363657435e-09,0.0,0.0,1.759600104511705e-09,5.734392252329339,0.0,1.8359726933203646e-09,0.0,9.353164683728599e-09,0.0,0.0,0.0,5.121024524573636e-09,7.499999983867056,7.5,7.49999997975036,3.8467409502138636,7.5,7.49999994979066,7.5
0.0,1.3334816851250098e-05,1.7521380353546778e-08,7.570913297325066e-09,0.0,3.407041038183678e-08,3.172613222482412e-08,2.161121333971172e-08,2.5261168851153926e-08,0.0,5.734392643992532,5.168052426979264e-08,1.3580578051008985e-07,0.0,0.0,4.472632854357617e-09,0.0,0.0,0.0,7.4999999993710595,7.499999996063799,7.499999959945019,3.8467460076770696,7.5,7.5,7.5
0.0,9.477612075150633e-06,0.0,0.0,0.0,1.7139420698669694e-07,0.0,0.0,1.427794890998535e-07,0.0,5.734389233354771,0.0,0.0,9.57634207175706e-08,0.0,0.0,5.33391161100516e-08,0.0,0.0,7.5,7.5,7.5,3.8467392178820883,7.5,7.4999999857149255,7.499999621248069
6.752478090565894e-08,1.2666534019226128e-05,0.0,1.874784059550591e-08,0.0,3.528519617115866e-07,0.0,0.0,7.842631977866832e-08,0.0,5.7343911192087145,4.90510661602106e-08,0.0,0.0,0.0,0.0,9.205997162503587e-08,1.1219629739156467e-07,0.0,7.499999818676013,7.499999876461995,7.5,3.846747330979082,7.5,7.5,7.5
0.0,7.867885037894918e-06,4.148266626036179e-09,0.0,0.0,3.581226287741046e-08,8.466739115364774e-09,0.0,0.0,1.2757065282614777e-08,5.734384582505798,0.0,1.6880423447940274e-08,0.0,0.0,0.0,0.0,3.721918953591974e-09,1.899156760673537e-08,7.5,7.499999994211606,7.5,3.8467343992225995,7.5,7.499999986472253,7.5
1.8299578657954285e-07,1.85251850268707e-05,0.0,3.0541061381283985e-07,0.0,6.938105732295918e-08,4.3254683688986884e-08,1.145283754985793e-07,1.239899218019591e-07,0.0,5.734395069818295,1.5788166694147288e-07,5.803935838877283e-08,7.57764917654058e-08,0.0,0.0,2.2219949196572442e-07,9.015289287664374e-08,1.0377424648766453e-07,7.499999791595926,7.499999718910952,7.499999930292418,3.8467648300593336,7.5,7.499999759446369,7.5
0.0,3.2451509687248886e-05,9.059768248717246e-10,4.3577671308701e-09,8.459525346784477e-09,1.8448245663175668e-08,4.257835417868787e-11,1.2096608606445471e-10,4.071843096026872e-09,0.0,5.734409352852142,6.844434104775742e-11,8.798130977550835e-13,1.4195321103576524e-11,1.673367856843038e-08,9.853103085194711e-10,9.720101296921947e-11,0.0,1.1303423975324281e-11,7.5,7.5,7.4999999999874225,3.846812647840779,7.5,7.5,7.499999987642228
1.6396043550637174e-08,9.976213719269794e-06,0.0,8.511857180464738e-09,0.0,3.644512122646937e-09,1.8495247867955644e-08,4.422955057759026e-11,0.0,7.167915219707943e-09,5.734382889037735,2.6797990909654956e-10,5.54368200650357e-09,3.163465669975274e-09,0.0,7.055612864792504e-09,8.936883091198444e-09,7.884373796201993e-09,0.0,7.499999999805354,7.5,7.499999992694498,3.8467377856097733,7.5,7.5,7.499999983681653
3.722067029587883e-08,1.1172367008534939e-05,0.0,0.0,3.5934510141805154e-08,0.0,0.0,0.0,3.3267118226820713e-09,0.0,5.734383714405128,0.0,0.0,0.0,4.575751921462312e-08,2.4724070186998848e-08,4.2828643062597926e-08,1.404066125518244e-08,0.0,7.499999961126472,7.5,7.4999999988456105,3.846744975992791,7.499999998718124,7.499999957682258,7.5
0.0,2.1994752613543603e-05,1.7749121963839265e-08,0.0,0.0,4.238663543418286e-07,0.0,2.566936350978377e-08,3.8587285970670404e-08,0.0,5.734390738372683,2.8238020324811153e-07,0.0,9.274930563157868e-09,0.0,1.4625400977102965e-07,2.862164828060232e-08,0.0,7.638622200045742e-08,7.499999899636807,7.499999968236651,7.49999993341203,3.8467869979895575,7.499999872902379,7.5,7.5
0.0,1.3404952806453374e-05,4.948430033790974e-09,5.175653287024795e-09,2.257377097747426e-09,0.0,9.3984422674942e-09,3.981168519850975e-09,0.0,0.0,5.734384453515032,5.916953038642703e-09,0.0,0.0,0.0,7.131997249720801e-09,0.0,0.0,8.35533187776294e-09,7.5,7.499999995126921,7.5,3.8467534841605358,7.4999999947388405,7.499999992723786,7.5
0.0,1.211851826078205e-05,0.0,1.8530372440477005e-09,0.0,2.886258593237656e-08,0.0,0.0,2.0303179276703887e-09,0.0,5.734383167572856,2.7078055422902203e-08,0.0,0.0,5.109824195714818e-09,0.0,9.952696392728777e-09,2.5697429427429253e-09,0.0,7.5,7.5,7.499999985600169,3.8467515250124227,7.5,7.499999979898943,7.5
1.4952554472369428e-08,1.2891648431233305e-05,1.0732592072015823e-08,3.779673785325038e-09,1.0166806285738517e-07,0.0,0.0,0.0,3.844834936539421e-08,2.5361882732832797e-08,5.734381445405681,1.42451802090382e-08,0.0,3.607416275419606e-09,4.061046607502228e-08,2.5903094426349416e-08,3.816295127134772e-08,0.0,0.0,7.499999979985613,7.5,7.4999999566373186,3.846754037227311,7.5,7.499999955516181,7.499999959325016
0.0,1.3571962726196619e-05,0.0,0.0,0.0,0.0,9.314118226688706e-09,1.7020408867030046e-08,0.0,3.725776544921677e-09,5.734383994767907,0.0,7.205441104884969e-09,0.0,1.7455712222891329e-09,3.901760164959356e-09,5.970746033007179e-09,0.0,0.0,7.499999996009032,7.5,7.499999998131508,3.8467612209539905,7.5,7.499999999110521,7.499999990048154
3.066255582773181e-10,1.4372440824365201e-05,0.0,7.874951873324681e-09,8.464478597203229e-09,4.075980872264573e-10,7.3485108623150275e-09,0.0,0.0,0.0,5.7343810000723,0.0,8.282582258933857e-09,7.600275964136927e-09,0.0,3.748585990226427e-09,0.0,0.0,1.2982130127847658e-09,7.5,7.4999999965701765,7.499999995878219,3.8467551824699506,7.5,7.4999999824502,7.499999998715724
0.0,1.0377855738999409e-05,0.0,0.0,2.2670763877297162e-08,2.9450252306273406e-08,6.726483606223077e-09,9.827021488217902e-09,4.155462605959226e-09,0.0,5.73437982144486,0.0,0.0,2.7478918706441702e-08,3.4219964882564735e-08,0.0,0.0,0.0,0.0,7.5,7.499999993173248,7.499999995851464,3.846747505796099,7.5,7.5,7.499999994786323
5.0911677651477305e-09,1.4640402335938663e-05,0.0,8.587344713355954e-09,0.0,6.752860597092347e-09,6.594625887035299e-10,7.875005508806154e-09,5.790505401559454e-09,0.0,5.734380500128577,0.0,0.0,0.0,8.282272177112526e-09,0.0,0.0,6.83640739504443e-09,2.71854396632909e-09,7.5,7.4999999847727885,7.5,3.8467661298306663,7.499999994310344,7.499999993493773,7.5
1.0521694626675071e-09,9.2889464134438e-06,0.0,0.0,4.769746056454416e-09,0.0,0.0,4.631368552554527e-09,2.227773521212839e-10,0.0,5.734377429911119,3.0716975837896676e-09,0.0,0.0,6.5316621469108105e-09,1.2666237850234019e-09,0.0,1.2262734491036431e-08,2.9762605574523704e-09,7.499999999592337,7.5,7.499999999147774,3.846744775169743,7.5,7.499999999644684,7.499999993146498
0.0,1.1824738230768739e-05,0.0,0.0,3.140401740736598e-08,0.0,0.0,2.4022050841565612e-08,0.0,0.0,5.734378706624954,0.0,0.0,1.6681585800204513e-09,4.0717916885424366e-09,9.314457018183564e-09,0.0,8.920175188775747e-09,1.4603700193571711e-08,7.499999988662132,7.5,7.5,3.84675571043823,7.499999991985817,7.499999982426974,7.5
0.0,1.5038769214659187e-05,4.900534665563949e-09,2.250492544056404e-09,2.986233482715761e-09,9.069010299678215e-09,0.0,2.5723997758297923e-08,0.0,0.0,5.734377461318683,7.51372297713715e-09,0.0,0.0,0.0,7.715376081074421e-09,1.0780624917078319e-08,1.2035897799245188e-08,0.0,7.499999991166111,7.5,7.5,3.846760996035016,7.499999997765906,7.49999999400523,7.499999993965739
2.7558119675141768e-08,1.626677739053478e-05,0.0,4.4078573798768395e-09,0.0,2.4173609294853016e-09,0.0,1.0083157919726915e-08,5.602439345775423e-09,8.471963582057374e-10,5.734375620258343,0.0,3.6194490113383715e-09,0.0,1.4139450894845584e-08,6.871600510827136e-09,0.0,0.0,1.7157339958495665e-08,7.4999999872033944,7.499999984942621,7.5,3.8467807667244087,7.5,7.5,7.5
0.0,1.162740850095545e-05,0.0,0.0,0.0,0.0,0.0,2.118773073656044e-08,0.0,3.640473669047628e-08,5.734374308445935,2.576408501472893e-07,4.914510118303461e-08,0.0,2.6645544624892548e-08,3.248250973753031e-08,1.7104999708306146e-08,5.2795192523324985e-08,0.0,7.49999995926324,7.499999992438622,7.499999970070882,3.8467565335039944,7.4999999722675375,7.5,7.5
7.361251885829034e-09,7.818550134749969e-06,3.456947055002768e-09,5.003759169161515e-09,0.0,0.0,1.8698828943564116e-09,2.7681208020213788e-09,0.0,0.0,5.734374042578307,1.757618356412749e-10,0.0,0.0,9.431635854262321e-09,3.0908210019164883e-10,0.0,0.0,1.244244637876868e-09,7.5,7.499999999248626,7.5,3.8467413150826966,7.499999999559219,7.4999999915114985,7.5
1.9927078043213697e-08,9.480514199730616e-06,0.0,9.616407887005907e-09,1.617695907785155e-08,0.0,0.0,9.479399210032824e-09,0.0,1.015356340672291e-08,5.734374171924074,0.0,2.1874295430546198e-08,0.0,0.0,0.0,3.903039350050541e-10,0.0,0.0,7.499999995634512,7.5,7.499999999563868,3.8467488768157025,7.499999998984333,7.499999985185826,7.5
2.53758264401327e-09,9.492954757342464e-06,0.0,8.201129489057712e-09,0.0,0.0,3.1806906067299856e-09,0.0,2.8659280157383726e-08,2.142504758675945e-08,5.734372661963253,4.9410170052666125e-08,0.0,8.971960847869997e-09,0.0,3.2421374612789933e-09,0.0,0.0,3.9977778032440625e-09,7.499999984388126,7.5,7.5,3.8467486215879294,7.5,7.5,7.499999886351054
0.0,1.2007213669520955e-05,0.0,0.0,0.0,2.8604289076250566e-09,5.2149106213872365e-09,0.0,8.938293855065282e-09,4.1824148918484516e-08,5.734371210392173,2.175131602610847e-09,0.0,0.0,0.0,8.340932458605899e-09,2.1030008463818195e-09,5.599705074632588e-09,0.0,7.49999998283639,7.499999972498336,7.5,3.84675932401179,7.5,7.5,7.5
0.0,1.1099102090184054e-05,2.3795184572739103e-09,1.9017015197818343e-08,3.2131412981695195e-08,2.534155316147313e-08,3.137869478142541e-09,3.078570037784445e-09,0.0,0.0,5.7343717206023035,2.07604360785707e-08,0.0,4.1632025084281654e-09,0.0,5.280509536575995e-09,0.0,0.0,0.0,7.5,7.499999996977564,7.5,3.8467563194274517,7.499999994537784,7.499999989339003,7.5
0.0,9.30210131214193e-06,0.0,0.0,0.0,0.0,2.8048958121418277e-08,2.1526465679433393e-08,0.0,0.0,5.734371719122022,0.0,0.0,0.0,4.785459875589204e-09,1.7479391198338412e-09,0.0,4.0648550324318133e-08,0.0,7.5,7.5,7.49999998800229,3.846746876753557,7.5,7.49999998870192,7.499999999058131
0.0,9.32855458036369e-06,3.5820828941934835e-09,0.0,8.050701424955342e-09,5.851550667623773e-09,4.038375710224695e-09,4.162990438483227e-09,1.6465791230491078e-08,0.0,5.734369062993994,0.0,7.888709650794024e-09,6.919390407866821e-10,0.0,0.0,1.1420199855227686e-09,8.578396673564193e-10,1.0616495529913728e-08,7.5,7.4999999839454405,7.5,3.8467535168699856,7.499999998881096,7.5,7.499999989411791
6.151010256694178e-09,9.184020384814251e-06,1.1083039694326224e-08,0.0,0.0,0.0,2.10709226108885e-08,2.44252708336834e-09,0.0,2.0806535053902175e-08,5.734369461428774,5.70735108479381e-09,0.0,0.0,0.0,2.259108698721146e-09,1.7401467246325186e-08,0.0,5.739070503552046e-09,7.4999999845422884,7.4999999954930505,7.5,3.8467512899103107,7.5,7.499999997144576,7.5
0.0,1.852294927925935e-05,1.0089526436551921e-09,0.0,8.574263000993287e-09,1.4091773407887143e-08,5.734225073938948e-09,0.0,1.3973561890923136e-09,0.0,5.734362633254138,1.2771228692642911e-08,0.0,3.787012110151311e-09,1.161899270372968e-08,1.0371620229321366e-09,0.0,0.0,0.0,7.5,7.4999999917344855,7.5,3.846790845735319,7.499999990843892,7.499999987775537,7.5
0.0,9.972261435717278e-06,8.094129533287031e-10,1.1507634688906476e-08,1.4633381485718022e-08,0.0,0.0,0.0,2.71920035099793e-08,6.641438787813314e-09,5.734369377039289,1.701895568917422e-10,0.0,3.6126748294285083e-09,0.0,1.1456423310018948e-08,0.0,2.6437648945054626e-09,2.2216967848764924e-08,7.499999997028656,7.5,7.5,3.846756615646706,7.499999994033593,7.499999967237825,7.5
4.0704145609637976e-08,1.0482916552173593e-05,4.239881015721814e-09,0.0,0.0,1.0756732310435169e-09,0.0,0.0,0.0,0.0,5.7343672071709495,1.2005054589314668e-08,0.0,0.0,4.735814049944276e-08,1.3890701089369628e-09,0.0,0.0,2.9946221891119507e-08,7.5,7.499999973569111,7.5,3.846759432888475,7.5,7.5,7.5
6.235738037041472e-08,1.3136580648970275e-05,0.0,1.5234150312765093e-09,0.0,0.0,3.922725339000621e-09,2.072020333088176e-09,1.1887571135793529e-08,0.0,5.734364715229059,5.261150889945831e-10,0.0,7.693125129992762e-09,5.8323003804955365e-08,1.6855884743538496e-09,0.0,3.946775233021338e-08,0.0,7.5,7.5,7.5,3.846775664149771,7.499999972259175,7.5,7.499999958708122
2.3583440755814422e-09,7.535340772017729e-06,0.0,0.0,1.1934285504278108e-08,0.0,1.5115839135937392e-09,0.0,0.0,1.1852449577354207e-09,5.734366909078474,3.9397525172790715e-09,2.950774867505057e-09,0.0,0.0,0.0,0.0,1.0321751266195722e-08,4.2273146788618376e-10,7.5,7.499999998706771,7.499999996971065,3.8467510241225735,7.4999999936728665,7.499999991010835,7.5
0.0,9.649193835614689e-06,2.774615953660131e-09,0.0,0.0,1.747086052217295e-08,2.831490077126464e-09,5.074080391964664e-09,0.0,6.437020708127683e-09,5.734367996050704,0.0,1.0138109449164823e-08,0.0,1.371851677395286e-08,0.0,0.0,1.8438540971832396e-08,0.0,7.5,7.5,7.499999990842282,3.8467531481653108,7.499999996656685,7.5,7.5
4.170370992984118e-09,1.0225971136361423e-05,1.4651490784500787e-08,7.65027164881249e-09,0.0,1.5053548685362017e-09,0.0,1.5636981293143393e-08,4.8341364938808695e-08,5.2365776558732646e-08,5.734364813304796,0.0,0.0,1.2193772727653318e-08,1.8998798454600285e-08,1.986551721733232e-09,9.019712234048516e-09,0.0,0.0,7.49999999973692,7.5,7.5,3.8467609997423358,7.5,7.499999965186556,7.499999969483195
0.0,7.5845582928751876e-06,0.0,9.810064631292359e-09,0.0,0.0,1.2567890998738118e-08,3.528378908490559e-08,1.2513049624240935e-09,4.0461900410043716e-08,5.734368166554733,1.796258627950742e-08,0.0,1.2805994632769657e-08,3.514618648198242e-08,5.826471770331576e-09,0.0,4.9774774579791625e-09,4.133776168591119e-08,7.499999995867605,7.5,7.5,3.8467441267442446,7.5,7.499999980459464,7.4999999814461535
1.7529709211983047e-07,8.796636510530198e-06,0.0,8.205513887717814e-08,0.0,0.0,0.0,0.0,0.0,0.0,5.734366023245447,0.0,0.0,0.0,0.0,6.996540881376578e-08,2.1437833574305953e-07,3.5729474830159536e-07,0.0,7.499999910774319,7.499999950161442,7.5,3.846752329447571,7.5,7.4999997755600765,7.5
4.1003311856968594e-11,8.03029643822728e-06,4.3333895499708674e-09,0.0,1.4357438848922044e-10,0.0,8.104306462031197e-09,0.0,0.0,0.0,5.734366118816258,3.4146876298768447e-09,1.8055459904964266e-09,0.0,1.7712525456764494e-08,0.0,3.6501354022666632e-09,4.25454468530595e-08,0.0,7.499999992777896,7.5,7.499999998093661,3.8467504378727106,7.499999997320801,7.4999999941521605,7.49999999561658
1.2784953651312492e-09,9.017472218240019e-06,0.0,9.923739130793252e-10,0.0,5.7837493475099144e-09,1.1163187476449599e-09,0.0,6.84125742167474e-09,5.5742353438238234e-09,5.734364074870445,3.668096424952403e-09,5.062835914393382e-09,3.1161627098152955e-09,0.0,2.005635241220105e-10,0.0,0.0,0.0,7.499999991530826,7.4999999983881125,7.499999992370735,3.8467553397708185,7.499999999626228,7.4999999956417,7.499999999204611
0.0,1.187633056447257e-05,0.0,0.0,1.982461712152217e-08,0.0,0.0,2.8519856615227823e-09,1.7160670107152498e-08,0.0,5.734359236561723,5.8731602914363634e-09,2.168923304846082e-08,0.0,0.0,0.0,7.535179598339159e-09,2.655394047007542e-08,0.0,7.49999999374574,7.5,7.5,3.8467696886276603,7.499999987285282,7.5,7.5
1.71267167115019e-10,8.094648926149084e-06,7.088590825432561e-09,2.0140494307041568e-09,0.0,0.0,0.0,2.3478472638283066e-09,0.0,1.9677311863253166e-09,5.7343646925629885,6.501771343536689e-09,5.284766374513694e-09,2.960951622776875e-09,0.0,0.0,0.0,4.1254577878846455e-09,7.970125774636738e-09,7.499999987644957,7.5,7.5,3.846751994257337,7.5,7.5,7.5
3.696992711965663e-09,8.373598887889688e-06,1.5179908371965034e-08,1.5364562703720774e-08,3.1296534808156196e-08,0.0,0.0,0.0,1.3338676344010203e-08,3.248016682000365e-08,5.734364081487817,0.0,1.0272560926893881e-08,6.396710418299367e-09,0.0,1.049313119033668e-08,0.0,1.3330908078812431e-08,0.0,7.5,7.5,7.499999999625843,3.846752270210933,7.499999996555825,7.5,7.499999993742939
0.0,7.74519655710284e-06,1.0967345434598208e-08,0.0,0.0,0.0,0.0,3.6094856270540987e-09,1.4171040729760165e-08,1.6130291893845516e-08,5.73436218569072,0.0,1.5945531006700264e-08,0.0,0.0,2.11119559334616e-09,3.7338826475163955e-09,0.0,8.084642504069262e-09,7.499999998234559,7.499999969519947,7.5,3.846756190964769,7.5,7.5,7.499999995939295
0.0,8.292516499863734e-06,0.0,0.0,1.3709460303101828e-08,3.913417680190268e-09,3.3276395527970237e-09,0.0,6.640216154707446e-09,7.69028590807963e-09,5.73436175545178,0.0,0.0,0.0,0.0,0.0,1.958263239065783e-09,3.277589311068141e-09,0.0,7.5,7.5,7.499999994625542,3.8467575447462203,7.5,7.5,7.5
0.0,1.8719987344290034e-05,1.1260234411558656e-08,6.882401332869437e-09,0.0,0.0,0.0,9.467846645572209e-09,1.7359044410247826e-08,0.0,5.73433601813826,0.0,0.0,0.0,0.0,0.0,1.6560481111427272e-08,1.5380420548272156e-08,1.4184983743170676e-08,7.5,7.4999999869950535,7.499999995409796,3.8468273406149778,7.499999996979086,7.5,7.499999985056544
1.1454587278691974e-09,6.514944453708815e-06,3.800397149755774e-09,0.0,1.699499915797098e-10,1.974134692522833e-08,2.2438184990591914e-09,2.3464782200610657e-09,0.0,3.0014922838828006e-10,5.734364330454672,0.0,0.0,3.868427973785504e-09,0.0,0.0,0.0,0.0,2.8541264837644853e-09,7.499999994520875,7.499999999207701,7.5,3.84674164505829,7.49999999505992,7.5,7.5
3.5597455538827205e-09,6.153520305807181e-06,4.81338822966304e-09,0.0,0.0,7.3738789380106695e-09,0.0,0.0,2.757238534711881e-09,0.0,5.734364368558777,0.0,1.1085805190491627e-08,1.1491728922619071e-08,0.0,0.0,9.979931291093092e-09,8.875195023350102e-09,6.635727384241008e-09,7.499999996794554,7.5,7.499999993594877,3.846744018132381,7.5,7.499999999612725,7.499999994687196
0.0,7.244577474550817e-06,0.0,0.0,0.0,1.529859867260841e-08,0.0,0.0,0.0,0.0,5.734361256583018,1.52213235071752e-08,5.530515455320906e-09,3.1853438289819458e-09,5.048672851309943e-09,0.0,0.0,1.7495409981860277e-08,1.454629663250051e-08,7.499999985818222,7.499999961702991,7.5,3.8467529446033417,7.5,7.499999996447107,7.5
0.0,8.405255959298419e-06,0.0,2.737643185063421e-09,0.0,6.084796208560839e-09,8.578806935666261e-09,0.0,4.190999977615739e-09,4.1949119525264145e-09,5.7343602156528775,0.0,2.5240096471201845e-09,7.618909669826479e-09,0.0,0.0,0.0,2.7520999368313426e-09,7.5077511915711e-09,7.5,7.499999994829369,7.499999978247941,3.8467552714501445,7.499999995121237,7.4999999903447465,7.499999998974951
2.4293897449290114e-08,9.128714692843709e-06,8.187100650203227e-09,0.0,0.0,1.9593007771767645e-09,0.0,2.7095103938279408e-09,0.0,3.224736337334444e-08,5.734359066966845,0.0,0.0,0.0,0.0,3.325343680971038e-08,0.0,0.0,9.631373650009767e-09,7.499999985492729,7.5,7.5,3.8467588483662176,7.499999985667979,7.5,7.5
0.0,6.345970172540747e-06,0.0,0.0,1.0738577388424986e-08,9.731650207900344e-09,1.932568688411962e-11,4.93952240221418e-09,0.0,0.0,5.734360050680504,0.0,0.0,0.0,4.922162243764516e-09,0.0,0.0,2.131903577284877e-08,9.960433519640155e-10,7.5,7.499999998838878,7.5,3.84675348684964,7.4999999638944495,7.5,7.5
0.0,7.764292160550151e-06,1.1915187239641689e-08,0.0,0.0,2.7987605288881667e-09,3.9471464291507274e-10,0.0,0.0,1.5197730400540177e-08,5.734358469716207,1.2808317254031643e-08,0.0,0.0,0.0,2.3648482477822697e-09,0.0,3.78168416720337e-09,0.0,7.5,7.499999972665479,7.49999999744274,3.8467562325531905,7.49999998675352,7.499999986434563,7.5
0.0,7.1504930362203956e-06,0.0,0.0,6.061939492041368e-09,0.0,0.0,2.5844620193948842e-08,0.0,0.0,5.734362099334358,4.713578104220684e-08,1.186598302255204e-08,5.683024710545492e-09,4.8085584732765474e-08,1.740297836394511e-08,0.0,1.3687488815972149e-08,0.0,7.5,7.5,7.499999996099429,3.846747974088146,7.499999996681751,7.499999938904963,7.499999983277035
1.1821758849617225e-08,9.060142571598595e-06,0.0,0.0,0.0,3.344026444640491e-09,0.0,0.0,1.060381088491269e-08,2.9887035554732044e-09,5.734353041043488,5.280352544101419e-10,0.0,0.0,0.0,0.0,8.989253785784967e-10,5.01173928746379e-10,0.0,7.5,7.499999992142399,7.5,3.84677156216321,7.499999993221874,7.499999999980894,7.5
5.6184557006844216e-09,6.727011866471122e-06,2.0328110722500625e-09,5.8487448608215975e-09,3.4030851053801214e-09,0.0,0.0,3.783310470462098e-09,0.0,0.0,5.73436109891315,0.0,0.0,1.8725139494524257e-09,7.059366459449823e-09,0.0,0.0,0.0,0.0,7.5,7.499999995449907,7.5,3.84674811144817,7.499999989085096,7.5,7.4999999971838465
0.0,5.365014020194958e-06,1.1156936138845275e-08,6.9253185217693636e-09,4.943706728710584e-09,0.0,2.9685143232427436e-09,1.886711273324515e-09,0.0,1.9948990376272846e-10,5.734362437168143,0.0,0.0,0.0,0.0,0.0,1.7070317381850941e-09,0.0,1.3112051375219202e-08,7.5,7.5,7.499999994972782,3.846742732156109,7.499999997897737,7.499999996907733,7.49999999244728
0.0,7.622799154567705e-06,0.0,5.29845993468836e-09,0.0,0.0,2.7664044666142473e-09,0.0,0.0,8.910400021988618e-09,5.73435805806506,1.6693828958080914e-08,1.0431002936406308e-08,0.0,0.0,1.8925709437123128e-08,0.0,2.3842582422273217e-09,0.0,7.5,7.499999990212201,7.5,3.846754802473462,7.499999982083476,7.499999992817523,7.49999999611089
0.0,5.91542705739162e-06,1.4792871788626982e-09,0.0,1.960995168331925e-08,0.0,1.0447905908483879e-08,0.0,6.960243145726075e-09,1.708343223827402e-08,5.734360110741889,0.0,0.0,1.1874771478626034e-08,4.175426237401636e-09,1.449168909872789e-10,0.0,1.2871974146289045e-08,0.0,7.499999996478335,7.499999990490011,7.5,3.8467480237379816,7.499999995807401,7.5,7.5
1.2068943067156113e-09,7.694820444888173e-06,1.4246034907294813e-08,4.178224888469473e-09,0.0,0.0,5.066210298498852e-09,0.0,6.95998501887285e-09,2.380554781078459e-09,5.734354887496376,0.0,6.487241646646602e-09,0.0,1.3564881856664712e-09,0.0,0.0,2.7191193741060715e-09,1.8504588486512041e-09,7.499999999998813,7.499999998343557,7.499999999332897,3.8467608005786786,7.499999998372993,7.499999996524079,7.499999984390544
0.0,6.700791636317371e-06,0.0,8.361142572570202e-09,3.506147247533953e-08,0.0,1.1747895017899523e-08,0.0,0.0,0.0,5.734357644316165,0.0,1.2228301704553246e-08,0.0,8.767709388374234e-09,0.0,5.349790055397818e-09,0.0,1.2870782044316353e-08,7.499999987850579,7.5,7.499999998955563,3.8467527499650185,7.5,7.499999985399366,7.499999991396665
7.32533478320363e-10,7.82577082494157e-06,2.416119387893545e-10,1.120560987749597e-08,0.0,1.5425723198791985e-09,0.0,6.311687630877749e-09,0.0,0.0,5.7343556833112155,8.266665130207684e-10,5.972585967461974e-09,0.0,1.0378947874756239e-08,0.0,0.0,0.0,3.2944168226745063e-10,7.499999987080945,7.5,7.499999990849197,3.8467568883086285,7.5,7.499999986807045,7.499999997154368
0.0,7.310860578209344e-06,8.501353787604415e-09,0.0,0.0,1.4999028408180237e-08,0.0,0.0,2.6614425940874042e-09,4.7821745001452864e-08,5.734354958316714,6.275399644373181e-09,6.077166200824102e-09,0.0,0.0,7.790373207638979e-09,0.0,2.6911597950096677e-10,0.0,7.499999996217707,7.5,7.499999984647446,3.8467590337622974,7.499999996198796,7.5,7.5
0.0,5.6916736230344656e-06,0.0,9.20880572317928e-09,1.2716829152215059e-08,0.0,0.0,7.582067959588379e-09,0.0,0.0,5.734359462272655,1.8211703672887936e-08,0.0,0.0,1.563666227749616e-08,1.2838893836963905e-08,0.0,0.0,0.0,7.499999988770602,7.5,7.499999992754634,3.846747280677519,7.5,7.499999970371418,7.5
1.2029234552901613e-08,6.011388624209413e-06,0.0,0.0,4.4666007004146024e-09,0.0,0.0,0.0,0.0,5.338507413910065e-09,5.734359173859307,0.0,0.0,0.0,5.58497692537685e-10,0.0,0.0,0.0,9.49872663164042e-09,7.499999993035841,7.499999995371816,7.5,3.846747035643467,7.5,7.5,7.5
0.0,7.702832761338986e-06,0.0,1.3947696513375019e-09,0.0,3.141485335755867e-09,0.0,2.9244929394822705e-09,1.4227213157580465e-09,1.3777892542143899e-08,5.734352246572206,0.0,4.295042099755619e-09,3.6606674289063612e-09,1.644792982369303e-09,4.8707912703171985e-11,6.303934978191261e-09,0.0,0.0,7.5,7.499999996058035,7.5,3.8467623198481684,7.499999994995692,7.5,7.5
0.0,5.258628082809025e-06,2.0932929001293843e-09,8.248081254449979e-10,0.0,0.0,0.0,8.66973576263419e-09,6.215070472159745e-09,8.827678865674926e-09,5.734359247550672,1.5468341885149783e-09,8.247873911626513e-09,0.0,3.966993834120247e-09,9.097859271500752e-09,0.0,3.5796924452435874e-09,0.0,7.499999993953161,7.5,7.5,3.846746070231251,7.49999999221783,7.499999991925301,7.5
0.0,1.0139926617455663e-05,0.0,1.6500081834701363e-08,0.0,0.0,0.0,4.565780635512606e-08,0.0,4.3610509474489856e-08,5.734343895977195,0.0,0.0,0.0,0.0,1.3325737735492282e-08,0.0,0.0,0.0,7.5,7.5,7.5,3.846780032721045,7.5,7.499999959760354,7.5
1.160999074656388e-09,6.021195901595444e-06,5.858879353892732e-10,0.0,1.8634859280663996e-09,6.6311126728502146e-09,3.929130285018623e-09,0.0,0.0,0.0,5.734354938447538,0.0,2.586108410751464e-10,3.3191345505390046e-09,6.638866886787831e-09,1.1455737400356547e-08,1.194491901224115e-09,0.0,0.0,7.5,7.5,7.5,3.8467544552895125,7.499999992772599,7.499999980565388,7.499999996056035
0.0,8.372876410603358e-06,3.3381773040241924e-09,0.0,1.8445000908584586e-08,5.070232497739191e-08,0.0,0.0,2.5134841083462867e-08,9.714729715115666e-09,5.734350358657394,0.0,3.4890874911486236e-10,5.065915568980284e-09,8.675653945244832e-10,0.0,0.0,0.0,0.0,7.5,7.499999991441446,7.5,3.8467644182665537,7.499999991193761,7.5,7.499999993726172
1.2337950106022788e-09,6.879222624704695e-06,1.9373242593490048e-09,0.0,1.7200395448224715e-08,1.4375666282373523e-08,0.0,0.0,4.224848595968389e-09,6.476560607260318e-10,5.734353283748785,0.0,6.567610691399217e-09,2.508394707223527e-09,3.057497310887669e-09,1.0089129878765313e-08,3.749268777386572e-09,0.0,0.0,7.5,7.499999997335581,7.499999998645227,3.8467589697239526,7.499999999735996,7.499999991476362,7.5
0.0,7.643145859617673e-06,4.0992036154374745e-10,3.4601840273248974e-09,0.0,0.0,0.0,4.9447900635213315e-09,0.0,2.7751417483456997e-09,5.734351189787904,5.547189443899647e-09,0.0,5.643849970704551e-09,0.0,0.0,2.9480081570332217e-10,5.242383090131586e-09,0.0,7.499999999770682,7.499999999067936,7.499999997130953,3.8467615187588997,7.499999997976654,7.5,7.5
8.842898635563756e-09,7.657645523066747e-06,0.0,5.98413376143303e-09,0.0,1.4191857064527191e-08,2.995727624299782e-09,8.33030658342615e-09,0.0,1.1210744138567819e-09,5.734351719121463,6.0738296336904085e-09,2.33587454934181e-09,0.0,8.383684371726652e-09,8.364740497479595e-09,7.841341465031348e-09,0.0,0.0,7.4999999918709985,7.5,7.4999999942113895,3.8467604064481034,7.5,7.5,7.499999980874433
0.0,9.218143369633947e-06,0.0,0.0,0.0,0.0,0.0,1.926583892419842e-12,1.349346884227387e-08,0.0,5.73434164195333,1.08184843028436e-08,0.0,6.196391663659817e-09,6.583658878484e-09,8.41381790628315e-09,2.6247433046466817e-09,0.0,2.8299585765056978e-08,7.5,7.499999996098655,7.499999986675938,3.8467812043518603,7.499999987367276,7.5,7.499999993063697
3.625812150520602e-09,4.973970120503157e-06,0.0,1.6539970348200539e-09,1.7372497884693416e-08,0.0,9.965986369486757e-10,0.0,1.1333501151455927e-08,0.0,5.7343577206038105,0.0,0.0,0.0,7.824587592436538e-09,3.8099485372145026e-09,0.0,0.0,0.0,7.49999998283693,7.499999995377479,7.5,3.84674553913598,7.5,7.499999983846465,7.499999991529418
0.0,6.661716534309137e-06,0.0,0.0,0.0,0.0,3.106809288999646e-08,0.0,1.08870770038072e-08,1.5552917287386947e-08,5.73435129714359,3.661824905798472e-08,0.0,0.0,0.0,0.0,0.0,0.0,2.988103080941995e-08,7.499999981118344,7.499999932389216,7.5,3.846759649433125,7.5,7.5,7.5
0.0,6.622446218317035e-06,0.0,8.437099326477626e-10,3.2280445677601577e-09,1.6037879357888585e-09,3.766907966107347e-09,1.6331335589425677e-09,0.0,4.8196955107493444e-09,5.734351758285179,0.0,2.0087171509475255e-09,2.319377502557618e-09,1.6057959649484754e-09,0.0,0.0,6.438963945365472e-10,8.3311045562251e-09,7.49999999973367,7.5,7.5,3.8467588767764314,7.4999999916029045,7.499999997110236,7.5
0.0,4.514871078387106e-06,0.0,0.0,1.6510691772109176e-08,0.0,0.0,7.698806869793628e-11,1.1690519385876286e-08,1.0664924846026658e-08,5.73435735211327,1.3011296901010994e-09,0.0,2.1781070003168423e-09,0.0,4.50584361488815e-10,5.12963786031273e-09,9.186136226690955e-10,4.147463622539149e-09,7.499999999309849,7.5,7.499999987807658,3.846745560953628,7.499999994558149,7.5,7.499999992977265
0.0,7.0039118909084874e-06,1.2333102594741518e-08,0.0,2.1508584149843024e-08,0.0,0.0,0.0,3.725936226217641e-09,9.490641779408282e-09,5.7343464880954365,1.71051329350691e-08,0.0,7.702746426807572e-10,8.492150385674968e-09,1.7106788208209878e-09,1.3511445434710723e-09,0.0,0.0,7.499999991372916,7.5,7.499999996213575,3.846767674520984,7.5,7.499999986852722,7.499999994601297
0.0,6.0683527692423356e-06,0.0,8.825797427960969e-09,2.1803479854920482e-08,2.3650979091849322e-08,2.0638379200077495e-08,8.342605044286966e-08,2.5073450260482133e-08,4.3025634444138205e-08,5.73435331368048,0.0,7.240142513298409e-09,3.1550389557877256e-08,0.0,0.0,0.0,0.0,0.0,7.499999993526593,7.499999979851157,7.5,3.846752924394667,7.5,7.499999978540202,7.5
9.655708177458422e-09,6.522566835601151e-06,0.0,2.094834462146311e-09,1.3302791160296756e-08,0.0,3.426055619759616e-09,0.0,0.0,0.0,5.73434941666205,0.0,0.0,4.4920627981226424e-09,5.6210134637135756e-09,1.329943100092379e-11,8.435819230656616e-09,0.0,0.0,7.499999996537346,7.499999988229927,7.499999995623676,3.846760923152217,7.5,7.499999997357065,7.5
1.278079586608527e-08,5.701328533933014e-06,1.8887088074071023e-08,6.473647356022849e-09,0.0,0.0,0.0,0.0,1.8149223790508984e-08,0.0,5.73435241155922,0.0,2.1238328110073645e-08,8.942198370665011e-09,0.0,0.0,0.0,1.280755709820447e-08,1.0463101218771698e-08,7.5,7.499999900344584,7.5,3.8467545934391287,7.4999999932018975,7.5,7.499999965622013
0.0,6.202278372141601e-06,2.3578673735702438e-09,3.9674403953110504e-09,0.0,2.061411458198492e-09,0.0,0.0,1.6082583181864507e-09,0.0,5.734350036167481,0.0,1.8151140313005243e-10,0.0,0.0,2.9611747082158857e-09,3.4525526534934237e-09,0.0,8.038845630831126e-09,7.5,7.5,7.5,3.8467601887739664,7.499999994955083,7.499999994076539,7.499999991593414
9.208517282033313e-09,5.134307785870096e-06,2.2503204161195e-09,0.0,0.0,0.0,0.0,0.0,0.0,2.1883513057208148e-08,5.7343540491511265,9.031184827756888e-09,0.0,4.992253485602838e-09,1.157021119538304e-08,0.0,0.0,2.5056463848205368e-08,1.8383577646274851e-09,7.5,7.5,7.5,3.8467511740847815,7.499999997835265,7.5,7.499999990216205
0.0,6.195517198576139e-06,4.549581197887953e-09,0.0,9.890388161237773e-09,0.0,3.735598635978832e-10,8.752107719112168e-09,3.4774804563708628e-09,0.0,5.734347430538019,9.617520668747659e-09,1.3542884869099936e-08,0.0,6.27807510839018e-09,0.0,0.0,0.0,1.6238398993506653e-08,7.4999999929419,7.499999988345063,7.4999999916428015,3.8467633103417818,7.499999997098734,7.5,7.5
1.623474965573024e-08,6.103550493838372e-06,1.1215459463920219e-08,0.0,0.0,0.0,1.6612431916196435e-08,0.0,0.0,0.0,5.734348855682035,3.548898640237663e-08,0.0,2.365882489918647e-09,0.0,1.2550666408928102e-08,1.6396373321569957e-08,1.2878748414935082e-09,1.7637426935612766e-08,7.499999994418098,7.499999995245064,7.5,3.8467606905847163,7.499999999973979,7.499999991698951,7.4999999873674215
3.882352772599518e-09,4.849550519839263e-06,0.0,0.0,7.311400096465803e-09,1.169695590386155e-09,0.0,1.0890795210105608e-08,0.0,2.814054024524726e-09,5.734355292541468,0.0,0.0,0.0,0.0,0.0,0.0,3.341664445155601e-09,1.8169005536194938e-08,7.499999989774834,7.5,7.499999994982256,3.8467480085320886,7.5,7.5,7.5
1.115089964809357e-08,5.618229625969917e-06,0.0,1.0302875284688706e-08,1.700444507424237e-08,0.0,0.0,0.0,2.5984749074670077e-09,0.0,5.734351166464541,1.1936175658977533e-08,0.0,0.0,8.549749450081912e-09,9.29857024711822e-09,1.5861020136176407e-08,0.0,6.229741722485471e-09,7.5,7.499999994161762,7.5,3.8467546614992076,7.499999998435097,7.5,7.499999997558944
7.211470309798074e-09,4.985768673956836e-06,0.0,2.3219336826516e-09,8.778832522038371e-09,0.0,0.0,1.4467128189865619e-08,0.0,0.0,5.7343533566586595,6.83449061233965e-09,0.0,0.0,4.90103175057599e-09,2.4372379114900866e-09,6.140463137960239e-09,4.54510873382219e-09,0.0,7.5,7.5,7.499999993763396,3.8467503761679094,7.49999999345056,7.5,7.5
6.528108609238359e-09,5.807814897410002e-06,2.265902049325419e-09,0.0,0.0,0.0,8.107581619953841e-09,0.0,6.760102200242812e-09,7.915345809350605e-09,5.734349010545417,0.0,0.0,1.641415996178619e-09,0.0,0.0,7.0648995334487985e-09,1.3588775937822817e-09,9.418474333777738e-09,7.5,7.499999998595191,7.499999999014212,3.846758807276433,7.5,7.499999994442401,7.499999989345232
0.0,7.857817517498145e-06,0.0,0.0,0.0,0.0,3.130625966796252e-09,0.0,3.922036306835963e-10,6.177023129105841e-09,5.734331161860237,1.6809029168562972e-08,0.0,0.0,0.0,2.2162792434610168e-09,0.0,3.0180703422533206e-09,7.016666414561001e-09,7.5,7.499999981579545,7.4999999978604235,3.846791468340302,7.499999996810329,7.5,7.499999996932829
0.0,6.769469990813848e-06,0.0,0.0,1.032978910742166e-08,0.0,3.668058912165151e-10,0.0,0.0,0.0,5.734344930159553,1.146965855625126e-09,0.0,5.900922112056506e-10,0.0,1.1167337887751927e-09,0.0,7.52144943549915e-09,2.1563386840006693e-08,7.499999990807776,7.499999997274381,7.499999986589422,3.8467660943209205,7.5,7.5,7.5
3.762978817434259e-09,4.640618401011154e-06,2.049821770655491e-09,0.0,0.0,7.100017448968821e-09,0.0,0.0,1.2320356540529431e-08,0.0,5.734353759304501,0.0,4.838438677490231e-09,0.0,1.1119560393985095e-08,3.454666067104206e-09,0.0,0.0,1.4032643796957345e-08,7.499999983472814,7.499999999233979,7.5,3.8467487410265266,7.5,7.5,7.4999999894768274
9.095768582767505e-09,1.2842175062255379e-05,0.0,7.99442608466483e-09,1.0188741864092243e-08,0.0,3.3881689120995873e-09,0.0,0.0,0.0,5.73431272168133,0.0,1.913390973440343e-09,0.0,1.1720359925637691e-09,5.213482423549465e-09,2.16627982912998e-09,8.08020456100067e-09,0.0,7.4999999975375164,7.499999997596627,7.5,3.846823345811222,7.499999992446252,7.5,7.5
3.120290137381687e-09,4.8515083457545405e-06,0.0,0.0,1.3054460290540248e-09,1.4572166390225405e-09,0.0,0.0,0.0,6.989991745143254e-09,5.734351411197731,0.0,0.0,0.0,1.6630533755668253e-10,6.120007278731521e-09,0.0,0.0,9.354017907470258e-09,7.499999996486995,7.499999995311159,7.5,3.8467529456337255,7.5,7.5,7.5
0.0,5.087945879889144e-06,0.0,0.0,0.0,3.9857700820378206e-08,0.0,0.0,1.2884637107246633e-08,4.3151444396871685e-08,5.734348468539427,0.0,1.005075536686384e-08,0.0,3.178225391198275e-09,0.0,0.0,0.0,0.0,7.5,7.499999987343946,7.49999999802963,3.846757873233211,7.499999997549865,7.5,7.5
0.0,4.896347438262949e-06,6.02735639176899e-09,0.0,0.0,0.0,6.2324770344623914e-09,1.118005826805657e-08,2.639295032524913e-09,0.0,5.734351390589285,3.306466211938641e-10,2.9937871626195545e-09,1.4471214157540935e-09,5.852250455073982e-09,0.0,0.0,6.100301166989119e-09,7.218559777699696e-09,7.5,7.4999999989803054,7.499999999577504,3.846752704817254,7.4999999986527826,7.499999999739107,7.5
1.2053152920188381e-08,5.7420556583837046e-06,5.270875055862767e-09,1.8985634136874097e-08,3.0920127569444844e-10,0.0,0.0,1.4547391069541504e-08,1.7343508573741673e-09,0.0,5.734350367016079,0.0,0.0,0.0,0.0,1.3239693022470966e-08,0.0,4.524614190259957e-09,9.356274782712504e-09,7.499999997777584,7.5,7.5,3.846754089842515,7.4999999836386095,7.499999993070998,7.5
0.0,5.1085872847939084e-06,0.0,0.0,5.12108168371217e-09,0.0,0.0,1.5167499201051982e-09,9.322201344197367e-09,6.10176770221571e-09,5.734349103799284,1.0300433769816486e-08,0.0,5.296342878158278e-09,0.0,1.009169865728854e-08,4.8650215800361e-10,8.082714358925713e-09,1.3116258079648446e-09,7.5,7.499999995167224,7.5,3.8467555321139657,7.5,7.499999987172118,7.5
0.0,5.4658672487412074e-06,2.5783796278600057e-08,0.0,6.347057289468605e-08,0.0,0.0,2.1171300129685378e-08,1.2308536134764125e-09,3.3199237456371655e-08,5.734346606405957,0.0,0.0,0.0,0.0,4.747358756107545e-10,0.0,1.912016239780101e-08,5.8521479329165516e-09,7.5,7.5,7.499999961516894,3.8467599627954887,7.5,7.5,7.499999985980814
9.64176377626913e-08,4.1028134039472475e-06,0.0,4.6852128079977184e-08,0.0,0.0,5.4397518781112986e-08,8.870033180174985e-09,0.0,1.6235379013407325e-08,5.734353785015749,0.0,1.9574048631954e-08,0.0,0.0,0.0,7.60646337583104e-09,2.0916723214581268e-10,0.0,7.5,7.499999983261526,7.5,3.8467464747134335,7.5,7.499999971912624,7.5
0.0,4.647921955994172e-06,0.0,0.0,5.723317653139048e-10,1.963483230171814e-08,1.0074112030689086e-08,0.0,0.0,2.6932102381582723e-10,5.734352254221429,0.0,0.0,7.43549891796258e-09,0.0,4.962873167979609e-09,0.0,3.515973970302788e-10,0.0,7.5,7.5,7.5,3.846749295833423,7.4999999947549245,7.499999993658167,7.5
0.0,5.003397858180381e-06,6.940995694870722e-09,0.0,0.0,4.282734930582954e-09,0.0,0.0,1.3624866512795819e-08,1.635269801514294e-08,5.7343483364940555,2.083569428101839e-09,9.81143430389686e-09,3.9626831330186185e-09,1.0096982624996365e-08,3.4479002986032015e-09,2.4853947198921755e-08,0.0,0.0,7.4999999974191125,7.5,7.499999981665711,3.8467556198228876,7.499999991592311,7.5,7.5
0.0,8.442488190485431e-06,0.0,1.4240757358063849e-08,0.0,2.0827558080971365e-08,4.11433852265386e-08,3.589928007641241e-08,3.2161510954420436e-08,1.780309025201099e-08,5.73433348235255,6.053142882767037e-08,0.0,0.0,0.0,0.0,5.218752600205656e-08,0.0,0.0,7.499999977553398,7.499999985777098,7.499999997070714,3.8467827081303323,7.499999993635612,7.499999990661982,7.499999995455328
0.0,4.288851218961498e-06,5.448128059803992e-10,1.8328307621606754e-09,0.0,4.000865264086606e-09,0.0,0.0,4.850837787007123e-09,6.507521951859552e-10,5.734352319306757,2.0615082557684516e-09,8.777717441788013e-09,0.0,1.3674057199042355e-08,4.263103065005325e-09,5.559896293361177e-10,0.0,3.0359451064221332e-09,7.499999976496041,7.5,7.5,3.8467485194914124,7.5,7.5,7.499999978324548
3.5404595921662008e-09,6.316402504855101e-06,4.136381515085219e-09,0.0,0.0,0.0,0.0,3.3795188869589765e-09,8.588538213949448e-09,1.0466778312123726e-08,5.7343413098609615,0.0,9.759113656082619e-09,3.7172667721740993e-09,0.0,4.630347494316567e-09,0.0,0.0,1.1858090898098084e-09,7.5,7.5,7.5,3.846767989969374,7.499999992518901,7.5,7.499999990118889
2.403455212629524e-09,4.290161795955649e-06,0.0,0.0,0.0,0.0,0.0,0.0,9.057689320801643e-09,7.11928901248049e-09,5.734350500282683,0.0,0.0,5.928370641616887e-10,1.2855509191889158e-08,8.01312835529977e-10,0.0,4.2162523472555336e-10,7.205263469201029e-09,7.5,7.5,7.499999996246289,3.84675109445353,7.499999995851697,7.5,7.5
0.0,4.065227899446855e-06,5.62035348816714e-09,1.4503270980015248e-09,8.256426445307774e-09,0.0,2.350921887717128e-09,4.537194231435393e-09,1.2249970482436368e-08,3.53391812341064e-09,5.734350365547003,1.6449301296073138e-08,4.185006161061544e-09,0.0,0.0,0.0,0.0,8.307839485799384e-09,0.0,7.499999993971571,7.49999996633939,7.49999999181045,3.846751349434326,7.5,7.5,7.5
1.0576095554881704e-09,4.5912778707385415e-06,0.0,1.1114252313620954e-09,0.0,0.0,0.0,7.803406532058688e-09,0.0,2.4190822955905134e-09,5.734348051673142,0.0,0.0,1.949226891007072e-09,0.0,0.0,0.0,8.661189127012747e-09,9.663611230670277e-09,7.5,7.499999999515469,7.499999997942247,3.846755306715625,7.5,7.5,7.499999989625285
7.402078949780844e-09,5.7788578682743674e-06,3.7445949119252475e-10,6.852091507039693e-09,0.0,1.2542424737693736e-08,0.0,1.0275725409458758e-08,0.0,0.0,5.7343398035338025,0.0,0.0,2.2221542314571074e-09,0.0,2.946646746049275e-09,1.5987419721419371e-09,0.0,0.0,7.5,7.5,7.49999999350352,3.846769190128527,7.5,7.499999996713891,7.499999997801611
0.0,4.597947941137326e-06,0.0,0.0,1.2495477916263376e-08,0.0,9.710805076723616e-10,0.0,2.371675772439019e-09,1.4480008164730052e-08,5.734346586890908,6.805955798938612e-09,5.688979842766173e-09,9.921414384495009e-10,2.3000741068701647e-09,0.0,0.0,0.0,1.1045774711559986e-08,7.5,7.5,7.499999987581749,3.8467570780507847,7.5,7.5,7.499999997961225
2.406547183753105e-10,7.934216466123911e-06,1.2267103999263895e-09,3.769549342808043e-10,0.0,0.0,2.821618633186418e-09,0.0,3.5586235347384587e-09,3.814843926863709e-09,5.734332765554811,2.410363575400254e-11,0.0,0.0,1.0283404683342212e-08,1.7937182988925215e-09,4.693339293593279e-09,0.0,0.0,7.5,7.499999999914353,7.5,3.8467808995383685,7.4999999949740275,7.5,7.499999997280243
0.0,3.924142946004627e-06,2.4573051926601863e-10,3.3399870109224183e-09,0.0,0.0,3.5342791193659906e-09,0.0,4.8664385021712775e-09,4.579019281802932e-09,5.734349082171303,0.0,0.0,0.0,0.0,1.6327404706029114e-09,1.599444882094403e-09,3.3470087812403904e-09,0.0,7.5,7.5,7.5,3.8467522929992946,7.5,7.499999994404867,7.49999999156673
0.0,4.87047825398147e-06,0.0,2.3000965715391786e-09,1.5865614377830184e-09,0.0,0.0,1.1669776256439945e-09,1.37268578448424e-08,2.0026411431950386e-08,5.734345470843738,0.0,9.481047891224392e-10,3.274996593360946e-10,0.0,0.0,0.0,5.738939184984915e-09,0.0,7.499999999575587,7.499999994407975,7.5,3.846758087309507,7.5,7.499999996926979,7.5
0.0,5.061877076523169e-06,0.0,2.661158186173518e-09,3.973276915814061e-09,1.2780208488716305e-08,0.0,1.044982017583962e-08,7.994984535519833e-09,6.713255298884668e-09,5.734346465627481,0.0,0.0,9.980416493249322e-09,8.442885106318965e-09,0.0,3.42924629664898e-09,0.0,2.753109545894361e-09,7.5,7.499999987336414,7.499999958311107,3.8467559923224632,7.5,7.499999998804439,7.5
0.0,4.9659203506247085e-06,2.5152498139835444e-09,2.4589223886206657e-09,8.262949699466837e-09,0.0,0.0,2.1086674073522715e-09,0.0,0.0,5.734343101316804,6.5277633992666395e-09,1.0709153355770162e-08,0.0,0.0,2.9751263952437768e-09,0.0,0.0,3.8122519030459046e-09,7.499999999632566,7.5,7.5,3.8467619692460278,7.5,7.499999996996551,7.499999994267979
1.4366019485123616e-08,5.103243393492218e-06,6.913933314756093e-09,4.364624980879306e-10,0.0,0.0,1.8474059088058326e-09,3.887402205693391e-09,0.0,8.565870235344164e-10,5.734342140278191,5.685220696993731e-09,1.0559338126103768e-08,1.0777755424240532e-09,1.3970361933263176e-08,0.0,2.203551577317775e-09,0.0,0.0,7.49999998505101,7.499999999754251,7.499999997814795,3.846763226214758,7.499999997357007,7.5,7.5
1.670504568007658e-08,5.528309030347622e-06,0.0,4.757326347096247e-09,7.260997358926602e-10,1.3315062594165816e-08,0.0,0.0,1.33706656857413e-09,0.0,5.734339566027123,0.0,0.0,9.668663786266407e-09,0.0,0.0,0.0,0.0,0.0,7.499999999249855,7.499999986924823,7.4999999966171655,3.8467674149124482,7.5,7.5,7.5
0.0,3.968305232679437e-06,3.4163692708144566e-09,0.0,6.722656459290377e-09,1.0805262934399096e-09,1.1469769578553723e-09,0.0,2.0102371156571763e-09,0.0,5.734350161338427,0.0,9.580679305454254e-09,0.0,2.754897612117224e-09,3.424294181542109e-09,0.0,1.1731352000943218e-09,2.4555371624934708e-09,7.499999992475768,7.499999998522942,7.5,3.846749905071953,7.5,7.5,7.499999990920061
0.0,5.494701506639221e-06,1.693356704857152e-08,6.876672972375153e-09,0.0,0.0,0.0,8.080522362341469e-10,0.0,0.0,5.734340500861473,2.598443335499745e-09,1.1660351850739659e-08,0.0,1.1474564354241323e-09,3.500255293942267e-09,7.570106000387433e-10,4.710890358361475e-09,0.0,7.5,7.499999995809372,7.499999996288337,3.8467654914513663,7.5,7.499999996366097,7.499999993969067
1.6471435326792516e-08,4.84987629639777e-06,0.0,0.0,1.0512056503042544e-08,0.0,0.0,7.650564209926713e-09,3.524015107503331e-09,3.116257425717084e-09,5.734344064126543,0.0,0.0,8.930493497483205e-10,0.0,0.0,0.0,0.0,7.727945713909001e-09,7.499999997457589,7.499999998705001,7.499999989964929,3.8467597560395888,7.499999998583931,7.5,7.499999996340992
2.4706514611949615e-09,4.557003960292683e-06,4.050754176532223e-09,2.3189915699523e-09,1.076091681040392e-08,0.0,0.0,1.3625468808786678e-09,0.0,0.0,5.734346412457001,0.0,3.892037039876506e-09,0.0,0.0,0.0,2.7961799542453036e-10,7.62432825207604e-09,9.752697260889676e-09,7.4999999952640835,7.5,7.499999984161498,3.846755542849757,7.49999999970476,7.5,7.499999992611828
0.0,3.94449609641967e-06,0.0,0.0,7.2721086097349286e-09,1.9091086003730773e-08,1.2902122772939784e-08,1.0582486276167202e-08,0.0,0.0,5.734349749285153,4.6900549416362125e-09,6.460246226858146e-09,0.0,5.336787175375113e-09,0.0,1.2311191996405846e-09,1.3250925703922611e-08,0.0,7.5,7.5,7.4999999911982504,3.84674990669633,7.5,7.5,7.499999998072349
4.1304587528046e-08,4.286681708556839e-06,0.0,1.0823113238966897e-08,2.518934175826937e-07,4.9763950252246225e-08,0.0,4.156559679779903e-08,0.0,0.0,5.734343978721727,0.0,6.80582090684112e-08,0.0,0.0,0.0,6.058703538869281e-09,0.0,3.879177742915907e-08,7.499999953545718,7.49999998261401,7.499999827973245,3.846758638437668,7.499999983589467,7.5,7.5
0.0,4.044292930757698e-06,3.8923864131845676e-09,0.0,5.794899282651755e-10,0.0,1.899204404853805e-09,0.0,4.443832107847712e-09,1.6829307045163056e-09,5.734347871143656,0.0,0.0,3.848111586324254e-09,0.0,0.0,4.143260734501553e-09,9.47410136453719e-09,1.7813726188586898e-09,7.5,7.4999999948109295,7.499999998795809,3.846752425003499,7.499999996428637,7.499999998440118,7.5
1.4092726985381887e-09,3.5175870990306057e-06,0.0,0.0,0.0,4.739559439359553e-09,2.4452280478204358e-09,4.639458955901787e-09,0.0,0.0,5.7343507773067905,0.0,2.906655124923496e-09,2.5589672741910263e-09,1.6726378962439448e-09,1.7563828863531583e-09,0.0,1.0419238041792234e-08,7.10705799766842e-10,7.5,7.4999999948915725,7.499999998545827,3.8467478234608157,7.499999994415004,7.5,7.5
0.0,3.985803657957643e-06,0.0,0.0,4.293591870929703e-09,1.2162543888694088e-08,0.0,7.223374676179617e-10,1.5078392701095567e-08,0.0,5.73434858989546,8.608808110821542e-10,0.0,6.112860391482844e-09,0.0,3.1023614233127716e-09,6.603540457505996e-09,0.0,2.2311052311208e-09,7.5,7.5,7.499999995953621,3.8467513268887794,7.499999987888738,7.499999998868459,7.5
7.996936446375003e-11,4.226354409497812e-06,0.0,1.9890221414353704e-09,5.651383111482389e-08,7.162860235498947e-09,8.661647787899796e-10,0.0,2.057706782743196e-09,0.0,5.734342260153975,6.969862187400366e-10,0.0,7.276384356158516e-10,0.0,2.5232628486637765e-10,0.0,7.591283157637463e-09,6.637697336220327e-09,7.499999966538059,7.5,7.5,3.8467604371839395,7.49999994873604,7.5,7.4999999853093735
0.0,3.750388026524387e-06,1.3671909437906749e-08,0.0,1.3730957690305523e-08,7.663638473820455e-09,0.0,0.0,6.836801264009651e-09,0.0,5.734349009596274,2.0892119978466184e-08,0.0,7.536706501942714e-09,0.0,0.0,0.0,0.0,0.0,7.5,7.499999989842198,7.499999987823721,3.846749990603647,7.499999997613719,7.5,7.4999999944963385
2.8796770523698e-09,4.1774252657750255e-06,2.9468795459397512e-09,0.0,1.5562284100267831e-09,1.7204831309625135e-09,1.765404142317628e-09,8.504569271039486e-09,0.0,0.0,5.734344768060145,2.5700212791246457e-09,1.3838558424184022e-08,3.6915708337414976e-09,0.0,5.565058483480989e-09,0.0,0.0,0.0,7.499999988910969,7.499999992000116,7.5,3.8467565421428938,7.5,7.499999999592033,7.5
1.4683682048044489e-08,4.264047976168528e-06,0.0,0.0,0.0,5.63218950644373e-09,0.0,0.0,0.0,1.1844138343708455e-08,5.734344744751561,8.258234374114437e-10,0.0,1.2270766000521682e-09,2.2781499776913794e-09,3.0855623611714122e-09,7.81812427297357e-09,2.16551152010247e-09,0.0,7.499999998323477,7.5,7.5,3.8467566987319386,7.5,7.499999998123069,7.499999996329907
0.0,4.203616677314614e-06,3.048535729410773e-09,0.0,6.805877389437498e-09,0.0,9.544253581905693e-09,0.0,0.0,1.0102653956456376e-08,5.734342967670976,1.0458794247325542e-08,0.0,4.6409856860329946e-09,0.0,0.0,1.498826236734363e-09,0.0,0.0,7.5,7.499999992167478,7.5,3.846759005250502,7.49999998974841,7.5,7.5
1.1045278580645856e-08,4.065366989228214e-06,7.217851316632107e-10,1.4576664528198613e-10,2.364861431680687e-09,0.0,0.0,1.1485673523381479e-09,2.613780025750856e-09,1.8996875253418644e-09,5.734345841017814,0.0,8.125382658374924e-09,1.0143798995221331e-09,0.0,1.0880893408504733e-09,1.882731262559112e-08,4.574757239694804e-09,0.0,7.5,7.5,7.5,3.8467542057684505,7.499999998158829,7.499999989424347,7.5
6.570258226368253e-09,4.906299794910085e-06,0.0,6.066415425554084e-09,7.801023715892086e-10,1.835854385179303e-10,0.0,0.0,0.0,0.0,5.734340196789612,4.800368436086444e-09,9.887576868372605e-10,0.0,6.857518285857678e-09,0.0,0.0,0.0,7.554130931897163e-11,7.499999992921519,7.499999999221633,7.5,3.84676329298128,7.5,7.5,7.499999999493473
0.0,4.6398978294920346e-06,6.770099758579562e-09,0.0,1.6039911412968344e-08,0.0,0.0,8.313752464239599e-10,1.4011673765690347e-09,1.6998635138376628e-09,5.734338250711819,0.0,0.0,8.650110142061074e-10,4.3373753373654456e-09,0.0,3.040105667206916e-09,8.596511349989733e-09,0.0,7.4999999922640255,7.5,7.5,3.8467661866931513,7.499999994556426,7.499999988836283,7.5
2.5059107566782757e-08,4.1187721060154114e-06,0.0,0.0,8.807642809527394e-09,0.0,0.0,0.0,0.0,1.1242198318106578e-08,5.734342353850532,0.0,1.7330381921198956e-08,0.0,0.0,0.0,0.0,0.0,3.6529647362559814e-09,7.499999979903923,7.499999972883805,7.499999986250348,3.8467595103375727,7.5,7.499999985690777,7.5
1.1881287620418846e-08,4.184058632200616e-06,2.413986371907484e-09,8.397688360667344e-10,1.8934966095063288e-08,0.0,8.274938373409313e-09,1.809134092534137e-09,0.0,0.0,5.734339835952473,0.0,0.0,0.0,0.0,0.0,0.0,5.913762188280991e-09,4.913673634643345e-11,7.5,7.499999974224336,7.5,3.846763213177948,7.5,7.5,7.499999999728484
0.0,3.4795031307599533e-06,4.025017125153241e-09,0.0,0.0,0.0,6.051050632782662e-09,3.835257805784309e-09,0.0,0.0,5.734347766498623,1.0026997288026251e-08,2.8737092566677447e-09,0.0,0.0,1.7375441363487454e-09,0.0,1.7292521581335762e-09,7.704267779296003e-09,7.49999999607433,7.499999995171683,7.5,3.8467507477147516,7.4999999998125455,7.5,7.5
1.1986769909988482e-08,3.9043790832360425e-06,0.0,3.6610830686512053e-09,0.0,0.0,1.2240262969864801e-08,1.0674929690202006e-08,0.0,5.2519313550880575e-09,5.734345501956365,0.0,3.267350452695883e-08,1.3080014502064863e-08,0.0,1.1470964109139281e-08,6.2107152754009576e-09,0.0,0.0,7.499999990919462,7.4999999947408496,7.5,3.8467541258813203,7.4999999999557625,7.499999990174001,7.499999992657644
1.842689612008286e-08,5.391865669224227e-06,0.0,5.567282268872931e-09,4.904444905751149e-10,8.5845556357933e-09,0.0,0.0,1.0957939416966767e-08,8.386503297375114e-11,5.734324179810278,3.8344258324052305e-10,0.0,0.0,1.0671598674183436e-08,0.0,0.0,0.0,9.520694302378452e-09,7.499999987849193,7.5,7.49999999278248,3.846785029847348,7.499999997745671,7.49999998707134,7.499999973238729
0.0,3.433587295390006e-06,0.0,1.2686372351938813e-09,2.6134063663141305e-09,0.0,0.0,3.024012290575584e-09,0.0,1.0675861063236258e-08,5.7343478247533115,1.6884665193783732e-08,6.548261932692867e-10,0.0,1.6456561807709491e-09,0.0,0.0,0.0,6.299806162846089e-09,7.5,7.5,7.499999994954354,3.8467503612818157,7.5,7.5,7.5
0.0,4.2816919267052445e-06,1.8873831664212304e-08,0.0,0.0,4.609236915753545e-08,0.0,0.0,1.7402717461534323e-08,3.524613309546787e-08,5.734339570134755,5.550414294841488e-09,0.0,0.0,0.0,0.0,1.4680262561128643e-08,0.0,2.721523735538245e-08,7.5,7.5,7.5,3.8467625764301285,7.499999996319791,7.5,7.5
0.0,3.557692831654413e-06,0.0,0.0,8.385402788801954e-09,1.7043209898925937e-08,1.563615903421578e-09,0.0,3.855550601006286e-09,2.018196373909653e-09,5.7343434512670415,0.0,4.1355530111530925e-10,6.454149714674173e-10,0.0,7.452441441735402e-11,0.0,8.591600000884547e-09,0.0,7.4999999988036015,7.5,7.49999999303926,3.8467566890511242,7.4999999916268045,7.5,7.5
6.867642565744347e-09,4.908580832074794e-06,1.883414951775464e-09,0.0,0.0,7.085778838678003e-09,2.1176730508054575e-09,0.0,0.0,3.735642177538079e-09,5.734336920353536,6.0260345324802955e-09,0.0,5.332782826439342e-11,0.0,0.0,1.0778290412960523e-08,2.3612341248924196e-09,0.0,7.499999998650566,7.499999994449838,7.4999999993512585,3.8467665310513133,7.499999994177021,7.499999998667291,7.5
0.0,4.2311476367712375e-06,0.0,1.5163485571345614e-08,0.0,0.0,2.6760781091095254e-09,1.4035266004963631e-09,0.0,0.0,5.734340128814909,0.0,1.785356237848923e-09,0.0,1.9606765863655617e-09,0.0,8.8806254017193e-09,0.0,2.8489956227506497e-08,7.5,7.5,7.499999994542576,3.846761719275048,7.499999978313314,7.499999999886006,7.5
9.789949406702192e-09,4.006405258591417e-06,0.0,0.0,0.0,2.3408767979571365e-09,4.856647375928169e-09,7.1829896197694865e-09,0.0,0.0,5.734340391178487,0.0,6.5512106156573324e-09,0.0,0.0,0.0,6.660116208534461e-09,3.29231884810266e-09,0.0,7.499999989459856,7.499999999878101,7.5,3.84676064748687,7.499999983490431,7.5,7.499999996852035
7.746026042809717e-11,3.4159001745248663e-06,6.2936697520221685e-09,3.056603147671977e-10,0.0,0.0,0.0,1.7633303150965673e-08,0.0,0.0,5.734347391192813,0.0,0.0,0.0,0.0,0.0,2.2486904699414723e-09,0.0,1.268786985197945e-08,7.499999999041608,7.5,7.5,3.8467505239388355,7.499999993123474,7.5,7.499999987330666
0.0,3.91396803439692e-06,0.0,0.0,1.785309018675907e-08,0.0,4.458402397267136e-10,0.0,0.0,0.0,5.734342596629048,6.366013965974915e-09,1.51068844933544e-09,0.0,7.503744847703331e-09,0.0,0.0,0.0,4.580666228271024e-08,7.5,7.5,7.499999995289687,3.8467574116393446,7.5,7.5,7.5
1.1287598633558105e-08,4.0061248707257135e-06,0.0,2.8061481090191354e-10,0.0,7.6378417479539e-10,0.0,0.0,1.7847959221661824e-09,0.0,5.734343021353254,0.0,0.0,4.523702940018026e-09,1.0537387802600495e-08,0.0,2.821050337775688e-09,0.0,1.1818055214996015e-08,7.5,7.5,7.5,3.846756930739498,7.5,7.5,7.499999993364701
4.710562495624515e-09,4.041066970980611e-06,1.1478910877382731e-08,9.110360035813336e-11,6.275454461635022e-09,5.6016660060498324e-09,0.0,8.069320212023001e-09,0.0,0.0,5.734341371502697,0.0,0.0,0.0,7.449645067492128e-10,0.0,0.0,6.140612324179173e-10,7.590695433323802e-10,7.499999993377537,7.5,7.499999999181428,3.846759276241016,7.4999999998681055,7.499999994883559,7.5
1.605449106989454e-08,4.732088036349391e-06,0.0,6.883581508618231e-09,7.688056788413e-09,7.775308522028901e-09,0.0,0.0,0.0,0.0,5.734332590735258,1.072533728496694e-09,0.0,6.192339349619935e-09,3.3375387523126854e-09,0.0,5.789689214164007e-09,1.3889741440342718e-08,0.0,7.499999993369155,7.5,7.5,3.8467712629171773,7.5,7.499999999608743,7.499999992884561
6.52518039601091e-09,3.5139876973511175e-06,5.6429277917047216e-09,0.0,0.0,0.0,0.0,0.0,0.0,1.599060571455535e-08,5.73434415091209,0.0,1.0647129011776002e-09,0.0,2.2916890607405094e-09,6.08770256427249e-09,0.0,8.788772140611023e-09,0.0,7.499999994477418,7.5,7.499999999599286,3.8467544542521717,7.499999998915278,7.5,7.499999992632129
8.143130614257643e-09,3.577785327900946e-06,2.880605476374143e-10,5.900759915411502e-09,1.213011982525991e-09,1.6479550363213136e-09,0.0,8.873318746438486e-10,0.0,7.931674067540584e-09,5.734344052358161,3.2373416447573078e-09,3.2436581198780345e-09,0.0,0.0,0.0,0.0,0.0,0.0,7.5,7.499999994637211,7.5,3.8467542655805027,7.499999997524652,7.49999999578026,7.5
0.0,4.2708959278880965e-06,2.2001761523782193e-09,0.0,1.0057860447276745e-08,5.624612928190054e-09,0.0,1.2511262165171289e-08,0.0,8.261515777041595e-09,5.734337520299677,4.333523123678518e-09,0.0,0.0,0.0,1.6594433466243785e-08,3.90214041634529e-09,3.5203527593008488e-09,0.0,7.5,7.5,7.5,3.8467639287689384,7.499999995472711,7.5,7.49999998215716
0.0,3.0063220086973264e-06,2.6847093992365956e-09,0.0,3.4373781598873165e-09,1.5325029439905435e-09,5.491691476566807e-09,1.4243321799778386e-09,1.0103577696707333e-09,0.0,5.734347040441821,2.252627251397854e-09,9.100567174846752e-09,0.0,0.0,0.0,5.690428683813309e-09,0.0,0.0,7.499999991875714,7.499999993287773,7.499999999466928,3.8467500271502644,7.5,7.499999999080459,7.5
0.0,3.4347120651118113e-06,0.0,2.8523202029451244e-09,1.891552192656576e-09,7.405691337947218e-09,0.0,0.0,1.179145253660252e-08,0.0,5.734342968577081,0.0,1.0569364827794914e-09,0.0,1.059976065254098e-09,6.096214158479718e-09,0.0,0.0,0.0,7.5,7.5,7.5,3.846755964197696,7.499999989896507,7.5,7.499999990803047
0.0,3.401266856356555e-06,0.0,0.0,0.0,0.0,0.0,9.896965885713982e-09,4.4544409827373954e-09,1.527072548274111e-08,5.734344988056578,0.0,5.518986309627216e-09,3.34322500239459e-10,2.10423813790106e-09,0.0,0.0,7.23014703662983e-10,4.126125829895244e-09,7.499999997421214,7.499999992896752,7.499999993804531,3.8467530293703485,7.5,7.499999999770784,7.5
0.0,4.047394179529373e-06,1.0833926117337356e-08,0.0,1.5785244986132874e-08,0.0,0.0,0.0,0.0,9.143248484722033e-09,5.734339433061077,2.391149986347152e-08,8.222096614662888e-09,0.0,1.8939476549573175e-08,0.0,0.0,0.0,2.7343429603865488e-09,7.499999986077602,7.499999992342782,7.499999987646579,3.8467610679723876,7.4999999962207795,7.499999997233743,7.5
2.8335417345815017e-09,3.5418690102345662e-06,7.504531718272034e-10,0.0,8.263751488657434e-09,1.2974196023085582e-08,0.0,0.0,6.22778634218335e-09,0.0,5.734342890735825,0.0,6.379442113457756e-10,0.0,9.457600154416657e-09,1.4210146948023805e-09,0.0,7.939524038214074e-09,0.0,7.499999989521151,7.499999997293442,7.5,3.84675572201089,7.5,7.499999996050893,7.5
0.0,3.793636067783712e-06,1.2193005632932241e-08,3.0960925663514605e-09,0.0,0.0,0.0,0.0,0.0,0.0,5.734339970705276,9.761753905213055e-09,1.4394492542368909e-10,3.2184078319064113e-09,3.648860553984168e-09,0.0,5.115202705852084e-09,2.5073134540809505e-09,4.1831687419557895e-09,7.5,7.5,7.499999997244101,3.8467597483265323,7.5,7.499999995145585,7.499999998993534
0.0,3.776207814845667e-06,1.5579801337928245e-09,0.0,0.0,0.0,1.3897615697144872e-09,0.0,1.1426477819487246e-09,0.0,5.734341045431215,0.0,2.902351969868988e-10,5.3695409230059e-09,1.578668445967324e-09,4.085950675025707e-09,0.0,9.852917093322588e-09,0.0,7.5,7.499999993180631,7.5,3.8467581173542458,7.499999999307788,7.499999997582235,7.499999998873633
6.02446148523228e-09,4.970065579576466e-06,1.3339829241232337e-08,1.846889134682339e-09,1.1576588299089252e-08,1.0182826803983858e-11,0.0,0.0,0.0,0.0,5.734328795162193,0.0,6.6219578431780945e-09,4.08844312571599e-09,0.0,1.0359228405643073e-08,0.0,2.1295328694881377e-08,0.0,7.499999994092015,7.5,7.5,3.8467756068450916,7.499999975850667,7.499999996041828,7.5
1.0712664089140844e-08,4.561183071516428e-06,6.387883277891859e-10,0.0,0.0,1.257599718806901e-08,0.0,0.0,2.022994480266327e-08,0.0,5.734328400963505,8.653271155178999e-09,2.038631763401355e-09,4.239784565096549e-09,0.0,0.0,0.0,0.0,4.6540306330999925e-10,7.499999992148247,7.499999990173032,7.499999991272163,3.8467754687191964,7.5,7.499999981591338,7.499999990744262
0.0,4.44654057046856e-06,3.437723716803731e-09,0.0,0.0,0.0,3.3043991154446672e-09,2.742333443661593e-09,2.0822794877251027e-09,1.7374469918340907e-09,5.7343362438378005,0.0,0.0,9.618496971119939e-10,6.940004647348896e-09,8.950857416367697e-10,0.0,0.0,1.9470484946548794e-08,7.499999995825592,7.5,7.5,3.8467649705717326,7.5,7.5,7.5
5.47630829572654e-09,4.6304919672918166e-06,0.0,2.5974603110739958e-09,3.422964585386712e-08,0.0,0.0,0.0,1.0968462249572042e-08,0.0,5.734333359852626,5.003095160382998e-09,2.511581567721244e-09,0.0,4.651266177768676e-09,0.0,0.0,0.0,3.407281054523814e-09,7.499999987880333,7.5,7.499999992322468,3.8467690191458397,7.499999993116746,7.5,7.499999994398015
1.0109407755365396e-08,3.0717280597586383e-06,0.0,8.805160550337532e-09,5.672817771085192e-09,5.3262096122441704e-09,0.0,0.0,1.2707834784464467e-09,0.0,5.734345046589952,0.0,3.926386646369018e-09,2.8246845834578593e-09,5.517716318570454e-09,0.0,0.0,0.0,0.0,7.49999999143239,7.5,7.5,3.8467521171788532,7.5,7.4999999954689285,7.5
0.0,3.2513149752361192e-06,7.715092453786099e-09,0.0,0.0,0.0,5.818138332225331e-09,5.3206723749088525e-09,0.0,0.0,5.734344144315868,3.0315222554477828e-09,3.0134859885233567e-09,1.6860585844158393e-09,9.008110750385878e-09,0.0,0.0,5.175814637992104e-09,5.347151540990858e-09,7.499999997769052,7.4999999967599535,7.5,3.8467532141578555,7.5,7.5,7.499999998700316
0.0,3.2537653814335155e-06,0.0,0.0,1.0790734972232485e-08,2.7610393138477463e-08,1.1703443769661703e-09,3.5898367611864046e-10,0.0,0.0,5.734341505471997,2.0314153137412916e-09,1.3463477208097707e-08,3.808830334461888e-09,0.0,2.1277125894503257e-09,0.0,0.0,2.5447515622500916e-09,7.5,7.5,7.4999999839547025,3.8467568446734024,7.4999999953209215,7.499999998653776,7.5
0.0,3.5715747528386475e-06,0.0,1.9072330520453207e-10,0.0,2.0309601223011953e-09,9.846394533052916e-10,2.0697089875287844e-09,0.0,1.690961259903645e-09,5.734337742669004,8.541943541384711e-09,6.764797055858196e-09,2.3665833182029417e-09,0.0,0.0,9.158993008462346e-10,0.0,0.0,7.499999994647418,7.5,7.4999999956975945,3.8467619467289036,7.499999991194072,7.499999997945286,7.5
5.819819626218248e-09,3.949577875167476e-06,7.850142064169674e-09,4.48203982608697e-09,3.844203774749921e-09,0.0,2.124280612525453e-09,2.5873657383268522e-09,0.0,0.0,5.734336590761414,0.0,0.0,4.13579726021851e-09,0.0,0.0,0.0,2.1740227673650026e-09,9.835473407937556e-09,7.5,7.5,7.5,3.8467634900637386,7.499999990834821,7.499999985642438,7.5
1.1919468190235705e-08,4.16735139417701e-06,3.796858660809477e-10,0.0,0.0,1.8307924620764027e-10,6.458682547116901e-09,0.0,3.4829424067073234e-09,0.0,5.7343333926964695,0.0,5.37968211644646e-09,0.0,0.0,0.0,5.104572667335994e-09,0.0,5.706110584036139e-09,7.499999998486577,7.499999993656019,7.499999997750746,3.8467680240463418,7.4999999960148775,7.5,7.5
1.2983328301352515e-08,4.015397906537155e-06,0.0,6.315533859768685e-09,1.5216103724235985e-08,4.6807259457271044e-09,1.8899153075846442e-09,0.0,0.0,0.0,5.734334001703643,0.0,0.0,0.0,2.356482352999789e-08,0.0,4.5153498995365027e-10,0.0,1.0247840423471821e-08,7.5,7.499999987872001,7.5,3.8467670261141436,7.5,7.5,7.5
0.0,3.4444157984148127e-06,0.0,1.1157719713439374e-10,4.554563670655654e-09,5.115037560177171e-09,0.0,0.0,9.570689379900799e-09,2.41670537748373e-09,5.7343382058832,2.990840214378565e-09,4.682046417237018e-09,4.052719618230505e-09,1.6196456155415095e-08,0.0,0.0,0.0,2.4737187992451837e-09,7.499999992103838,7.5,7.5,3.8467608145738614,7.499999993639028,7.499999989693332,7.5
0.0,3.664787350671217e-06,0.0,3.759905017539089e-09,1.3838374890440264e-09,0.0,0.0,1.7764775761541785e-09,4.32571339858967e-10,0.0,5.734337678241343,0.0,3.792455932627448e-09,0.0,0.0,4.221067939624845e-10,0.0,4.000553707750321e-09,1.8420664646412455e-08,7.5,7.499999990206247,7.5,3.8467614718863534,7.499999998854526,7.5,7.5
0.0,3.302751632600076e-06,1.087136977662162e-08,0.0,0.0,1.0817992335265814e-08,0.0,1.284417711078234e-09,4.237942635709757e-09,2.5593277497293343e-09,5.7343420363048265,0.0,0.0,1.879974995122602e-09,1.964346740823686e-09,0.0,5.5869527754159876e-09,0.0,0.0,7.499999994099757,7.5,7.5,3.8467552801693534,7.499999993804139,7.5,7.499999994096091
0.0,3.722638975897641e-06,0.0,0.0,1.2330155993445224e-08,0.0,0.0,0.0,2.374577617869633e-09,0.0,5.734338541846314,3.093895972750005e-09,0.0,2.8920893457851093e-09,0.0,0.0,0.0,0.0,1.0571984260243639e-08,7.499999993585277,7.5,7.499999997498696,3.8467603656917677,7.4999999996088444,7.49999999894506,7.499999994083425
0.0,3.082415456906462e-06,0.0,0.0,1.0474422024175922e-08,1.1580880698858209e-08,1.386357001420535e-09,1.8732237982987954e-11,0.0,0.0,5.734341639970378,0.0,0.0,1.4179355606325217e-09,0.0,0.0,2.1577285097551524e-09,0.0,5.983519929531056e-09,7.5,7.5,7.499999998570665,3.8467557326208692,7.499999993914269,7.499999998448647,7.5
1.4068246567688902e-09,4.841277411252176e-06,0.0,3.850877212593917e-09,0.0,2.5269439318797993e-10,0.0,4.708930467778316e-09,0.0,2.042310175143225e-08,5.734324592609709,0.0,0.0,0.0,1.0571999699282575e-08,4.999684694029227e-10,0.0,0.0,2.8295511766973647e-09,7.5,7.5,7.5,3.846779713170615,7.499999997154851,7.499999997693141,7.5
0.0,3.333660853269138e-06,0.0,1.6473975829323084e-09,4.373233025711798e-09,3.7131235586240763e-09,0.0,0.0,2.2456758674849198e-09,0.0,5.734341769742005,6.852377693045142e-09,6.007211394987166e-09,7.480550900940131e-10,3.8437608998465045e-09,0.0,0.0,0.0,9.889997501510983e-09,7.499999991121417,7.5,7.5,3.8467555992937927,7.5,7.499999996979449,7.4999999983931716
4.251737850680115e-10,3.10459505846461e-06,0.0,2.1516846897967623e-09,0.0,0.0,2.582865171740778e-09,8.718643168537099e-09,0.0,0.0,5.734342353378465,0.0,0.0,2.18280879482613e-09,3.987159213902913e-09,0.0,7.032478765989225e-10,6.92493840048769e-09,0.0,7.499999997140086,7.5,7.5,3.8467545945943393,7.5,7.499999994235937,7.499999994797829
0.0,3.4134719543998937e-06,3.727715358614603e-09,0.0,6.833218019197673e-10,6.7802943815031824e-09,0.0,0.0,3.919288504850016e-10,0.0,5.7343386824060145,3.611964893845965e-10,0.0,4.186359245372806e-09,0.0,1.3956991812280606e-09,0.0,6.330255070130519e-09,5.256750937321364e-09,7.5,7.499999994760624,7.499999996109555,3.846759496249583,7.4999999978821865,7.5,7.5
0.0,3.3424980974000595e-06,1.1187259452150045e-09,1.1552131647107888e-09,1.0438552799918455e-08,1.4963379146859523e-08,3.733707787390017e-10,3.1506887376853143e-09,0.0,0.0,5.734339746828291,0.0,0.0,0.0,0.0,0.0,1.3198166171068948e-08,1.4480314863840604e-08,6.212541592276466e-09,7.5,7.5,7.499999996289588,3.846758112751332,7.5,7.499999998400369,7.499999993247522
0.0,3.5044363962816183e-06,7.3177103265820165e-09,0.0,0.0,4.139441567296842e-09,0.0,1.3231173101591054e-09,4.917481005728419e-09,7.505761984161197e-09,5.734334278756135,0.0,0.0,0.0,8.921949637419324e-09,0.0,1.6038934069761979e-09,0.0,0.0,7.499999999210931,7.5,7.499999994963616,3.8467655288964155,7.5,7.499999998618573,7.499999997400946
0.0,3.2616215003139493e-06,2.8808760932363953e-09,0.0,0.0,1.603749910650265e-08,0.0,8.393070960455162e-10,0.0,0.0,5.734337786180276,0.0,9.234322334572553e-09,0.0,5.5682344152208074e-09,0.0,9.457712391025552e-09,1.0813631240447208e-08,0.0,7.5,7.5,7.5,3.846760450153494,7.5,7.499999989478534,7.499999997182857
0.0,3.520233530715511e-06,2.118963338126889e-09,0.0,5.5526545167383645e-09,0.0,5.385081269793091e-10,7.354934716818917e-09,1.6428795823753006e-09,7.552401759536309e-09,5.734337041507509,9.377124077225574e-10,4.4682861577438615e-09,4.096323974467353e-10,0.0,0.0,0.0,0.0,0.0,7.499999994480272,7.499999986229657,7.5,3.8467615674633304,7.499999998714359,7.499999999572757,7.5
1.0645781478579863e-08,3.296757701207187e-06,0.0,0.0,6.107595679205602e-09,2.3141336069620877e-09,0.0,4.30511321036775e-09,0.0,0.0,5.734338599411162,0.0,0.0,2.682822367039428e-09,0.0,3.996794561977879e-09,7.161313209103071e-10,0.0,9.352329674583437e-09,7.49999999594511,7.4999999954429315,7.49999999695347,3.846759364926014,7.49999999964018,7.5,7.5
5.064837438339964e-09,3.124884894595281e-06,3.3995195547475987e-09,0.0,5.070163039411213e-10,5.543403930330371e-09,3.69895850060864e-09,0.0,1.7955331665930885e-09,0.0,5.7343393310987265,0.0,7.48149112106411e-09,6.688109441266299e-09,2.1919284096116876e-09,0.0,0.0,0.0,0.0,7.499999998498319,7.499999992689212,7.5,3.8467583917704418,7.499999994319505,7.5,7.499999997135902
2.107311547483448e-09,3.742251221752757e-06,2.609817917331725e-09,0.0,6.674553271190931e-10,0.0,0.0,1.718377801163129e-08,0.0,0.0,5.734333575245679,1.8147497393705692e-10,1.8189187656059147e-08,0.0,0.0,0.0,0.0,1.2598147525189063e-08,0.0,7.499999996741963,7.499999982633413,7.5,3.8467659710315125,7.5,7.5,7.5
0.0,3.586115126380518e-06,1.5432002897775021e-09,5.19552335181972e-09,0.0,8.014724300897669e-09,0.0,0.0,1.1018691514763646e-08,4.494776426056113e-09,5.73433454406275,0.0,6.429475007951879e-10,0.0,1.3280774049939659e-09,0.0,1.6196105914745296e-08,0.0,0.0,7.499999996805022,7.5,7.5,3.846764586228098,7.499999992430655,7.5,7.499999997475541
0.0,3.47201192935076e-06,0.0,5.5450627162861865e-09,3.660401495797494e-09,1.4086347366326635e-08,9.902363651281831e-10,5.866462871040312e-09,0.0,0.0,5.7343376817901515,0.0,3.569194245711671e-09,2.163829532220163e-09,0.0,4.537824976891258e-09,0.0,0.0,0.0,7.5,7.5,7.5,3.846760553305162,7.499999990121226,7.4999999827227475,7.499999994847794
0.0,3.168273751685824e-06,3.7959330123626955e-09,4.2716629712613585e-09,1.862705822919253e-09,1.281510592088253e-08,0.0,6.131108815088382e-09,1.3240485097210097e-09,1.86624361797616e-09,5.734337860489461,0.0,6.8263526775691474e-09,0.0,7.925201814251714e-09,0.0,0.0,0.0,0.0,7.499999997780132,7.49999999846284,7.5,3.846759853118352,7.5,7.499999999196719,7.5
8.543804552729739e-10,3.421672800305031e-06,0.0,0.0,3.066744774793406e-10,1.2198973081689601e-08,2.4527983810695986e-09,0.0,0.0,2.574404925348439e-09,5.734335018289676,2.142142713212891e-09,5.996085572501642e-10,2.6042501488632297e-10,0.0,2.605099469477068e-09,8.76110642367145e-10,0.0,1.9684056468127764e-09,7.5,7.5,7.5,3.8467636760000437,7.499999998294438,7.5,7.499999995222168
7.262887513626026e-09,3.243188599275082e-06,2.792349684810347e-11,0.0,9.997004959960698e-09,0.0,3.5760873429158124e-09,0.0,4.195881836421833e-09,3.1626038593524086e-09,5.734337606398484,0.0,0.0,2.484628475185602e-09,5.230307506542964e-09,0.0,3.0551960267244382e-09,0.0,2.9625520786558113e-09,7.5,7.5,7.5,3.846760151637344,7.5,7.499999998950529,7.499999994139279
0.0,3.025906243972476e-06,3.419277361249584e-09,6.573879895305224e-10,1.4348212895587409e-08,0.0,0.0,1.0145943113437639e-08,1.966603963010627e-09,0.0,5.734339655561374,6.617219966420507e-09,4.748092891082578e-09,2.0084690854904608e-09,1.0461750216128607e-08,0.0,0.0,0.0,6.634086335832734e-09,7.5,7.499999999304978,7.499999996080531,3.8467570854333237,7.5,7.499999995477569,7.499999997728837
0.0,3.113810559049468e-06,0.0,4.144517888604593e-09,8.790378147605082e-10,0.0,9.3478697005267e-10,6.9355431120410316e-09,0.0,7.526437112437279e-09,5.734337823995972,0.0,1.0166094355223976e-08,0.0,5.779925149607124e-10,6.380201922340234e-10,2.7206677882807284e-09,0.0,0.0,7.5,7.5,7.49999999185199,3.8467595165703985,7.499999996100117,7.499999993661083,7.49999999810164
